[
  {
    "ModelName": "AEROPLANE_HANGER",
    "ModelId": "437_01_1"
  },
  {
    "ModelName": "AEROPLANE_HANGER_BASE2",
    "ModelId": "437_02_1"
  },
  {
    "ModelName": "AEROPLANE_HANGER_BASE3",
    "ModelId": "437_03_1"
  },
  {
    "ModelName": "AEROPLANE_HANGER_BASE4",
    "ModelId": "437_04_1"
  },
  {
    "ModelName": "AIRCONTROL_TOWER",
    "ModelId": "415_01_1"
  },
  {
    "ModelName": "AIRCONTROL_TOWER_INTERIOR",
    "ModelId": "415_02_1"
  },
  {
    "ModelName": "AIRCONTROL_TOWER_WINDOW",
    "ModelId": "415_03_1"
  },
  {
    "ModelName": "AITYPE_ANYA",
    "ModelId": "015_01_1"
  },
  {
    "ModelName": "AITYPE_EKK",
    "ModelId": "012_01_1"
  },
  {
    "ModelName": "AITYPE_FRIENDLY",
    "ModelId": "020_01_1"
  },
  {
    "ModelName": "AITYPE_GUARD_AK",
    "ModelId": "004_01_1"
  },
  {
    "ModelName": "AITYPE_GUARD_AK",
    "ModelId": "006_01_1"
  },
  {
    "ModelName": "AITYPE_GUNNER",
    "ModelId": "011_02_1"
  },
  {
    "ModelName": "AITYPE_GUNNER",
    "ModelId": "011_03_1"
  },
  {
    "ModelName": "AITYPE_JACH_PRIBOI",
    "ModelId": "009_01_1"
  },
  {
    "ModelName": "AITYPE_JOSIP_PRIBOI",
    "ModelId": "009_02_1"
  },
  {
    "ModelName": "AITYPE_MAFIA2_PATROL_AK",
    "ModelId": "014_02_1"
  },
  {
    "ModelName": "AITYPE_MAFIA_PATROL_AK",
    "ModelId": "014_01_1"
  },
  {
    "ModelName": "AITYPE_PATROL_AK",
    "ModelId": "003_01_1"
  },
  {
    "ModelName": "AITYPE_PATROL_AK",
    "ModelId": "003_02_1"
  },
  {
    "ModelName": "AITYPE_RPG",
    "ModelId": "013_01_1"
  },
  {
    "ModelName": "AITYPE_SECURITY_PATROL_SPAS",
    "ModelId": "019_01_1"
  },
  {
    "ModelName": "AITYPE_SNIPER",
    "ModelId": "001_01_1"
  },
  {
    "ModelName": "AITYPE_SNIPER",
    "ModelId": "001_02_1"
  },
  {
    "ModelName": "AITYPE_SOLDIER_AK",
    "ModelId": "008_01_1"
  },
  {
    "ModelName": "AITYPE_SPETNAZ_GUARD_AK",
    "ModelId": "018_01_1"
  },
  {
    "ModelName": "ALARM_LIGHT",
    "ModelId": "344_01_1"
  },
  {
    "ModelName": "ALARM_LIGHT_DESTROYED",
    "ModelId": "344_02_1"
  },
  {
    "ModelName": "ALARM_LIGHT_DESTROYED2",
    "ModelId": "344_03_1"
  },
  {
    "ModelName": "ALARM_SWITCH",
    "ModelId": "234_01_1"
  },
  {
    "ModelName": "AMMOCRATE",
    "ModelId": "306_01_1"
  },
  {
    "ModelName": "AMMO_BUILDING",
    "ModelId": "424_01_1"
  },
  {
    "ModelName": "AMMO_BUILDING_BUNKER",
    "ModelId": "424_02_1"
  },
  {
    "ModelName": "AMMO_BUILDING_SNOW",
    "ModelId": "424_05_1"
  },
  {
    "ModelName": "AMMO_BUILDING_STAIRS",
    "ModelId": "211_01_1"
  },
  {
    "ModelName": "AMMO_ID_12",
    "ModelId": "105_01_1"
  },
  {
    "ModelName": "ANTENA",
    "ModelId": "490_02_1"
  },
  {
    "ModelName": "ANYA_HQ",
    "ModelId": "472_01_1"
  },
  {
    "ModelName": "ANYA_HQ_3D_MAP",
    "ModelId": "472_02_1"
  },
  {
    "ModelName": "APC_DEPOT",
    "ModelId": "420_01_1"
  },
  {
    "ModelName": "APC_DEPOT_GLASS",
    "ModelId": "420_02_1"
  },
  {
    "ModelName": "APC_DEPOT_INTERIOR",
    "ModelId": "420_04_1"
  },
  {
    "ModelName": "APC_DEPOT_SNOW",
    "ModelId": "420_05_1"
  },
  {
    "ModelName": "APC_PULLEY",
    "ModelId": "343_01_1"
  },
  {
    "ModelName": "APC_PULLEY",
    "ModelId": "420_03_1"
  },
  {
    "ModelName": "APC_TANK",
    "ModelId": "601_01_1"
  },
  {
    "ModelName": "APC_TANK",
    "ModelId": "601_11_1"
  },
  {
    "ModelName": "APC_TANK_DESTROYED",
    "ModelId": "601_08_1"
  },
  {
    "ModelName": "APC_WHEEL",
    "ModelId": "601_04_1"
  },
  {
    "ModelName": "BARREL",
    "ModelId": "300_01_1"
  },
  {
    "ModelName": "BARREL",
    "ModelId": "300_03_1"
  },
  {
    "ModelName": "BARREL",
    "ModelId": "300_04_1"
  },
  {
    "ModelName": "BARREL_EXPLODE",
    "ModelId": "300_02_1"
  },
  {
    "ModelName": "BED",
    "ModelId": "227_01_1"
  },
  {
    "ModelName": "BED",
    "ModelId": "246_01_1"
  },
  {
    "ModelName": "BOARD",
    "ModelId": "218_01_1"
  },
  {
    "ModelName": "BOX",
    "ModelId": "219_01_1"
  },
  {
    "ModelName": "BRICKHUT",
    "ModelId": "427_01_1"
  },
  {
    "ModelName": "BRICKHUT_SNOW",
    "ModelId": "427_02_1"
  },
  {
    "ModelName": "BUGGY",
    "ModelId": "636_01_1"
  },
  {
    "ModelName": "BUGGY_WHEEL",
    "ModelId": "636_02_1"
  },
  {
    "ModelName": "BUGGY_WHEEL",
    "ModelId": "636_03_1"
  },
  {
    "ModelName": "BUILDING",
    "ModelId": "502_01_1"
  },
  {
    "ModelName": "BUILDING_ONE_STOREY",
    "ModelId": "460_01_1"
  },
  {
    "ModelName": "BUILDING_ONE_STOREY_ROOM1",
    "ModelId": "460_02_1"
  },
  {
    "ModelName": "BUILDING_ONE_STOREY_ROOM1_WINDOW",
    "ModelId": "460_05_1"
  },
  {
    "ModelName": "BUILDING_ONE_STOREY_ROOM2",
    "ModelId": "460_03_1"
  },
  {
    "ModelName": "BUILDING_ONE_STOREY_ROOM2_WINDOW",
    "ModelId": "460_04_1"
  },
  {
    "ModelName": "BUILDING_ONE_STOREY_TOP",
    "ModelId": "460_07_1"
  },
  {
    "ModelName": "BUILDING_ONE_STOREY_WINDOW",
    "ModelId": "460_06_1"
  },
  {
    "ModelName": "BUILDING_SNIPER",
    "ModelId": "429_01_1"
  },
  {
    "ModelName": "BUNKER",
    "ModelId": "447_01_1"
  },
  {
    "ModelName": "BUNKER_EXTERIOR",
    "ModelId": "447_03_1"
  },
  {
    "ModelName": "BUNKER_INTERIOR",
    "ModelId": "447_01_1"
  },
  {
    "ModelName": "BUNKER_INTERIOR",
    "ModelId": "447_02_1"
  },
  {
    "ModelName": "BUSH",
    "ModelId": "354_01_1"
  },
  {
    "ModelName": "C4_BOMB",
    "ModelId": "139_02_1"
  },
  {
    "ModelName": "CABLE_CAR",
    "ModelId": "426_02_1"
  },
  {
    "ModelName": "CAMERA",
    "ModelId": "313_01_1"
  },
  {
    "ModelName": "CAMERA",
    "ModelId": "313_02_1"
  },
  {
    "ModelName": "CAMERAS_DESTROYED",
    "ModelId": "313_03_1"
  },
  {
    "ModelName": "CANTINA",
    "ModelId": "483_01_1"
  },
  {
    "ModelName": "CHAIN_FENCE",
    "ModelId": "303_01_1"
  },
  {
    "ModelName": "CHAIR",
    "ModelId": "215_01_1"
  },
  {
    "ModelName": "CHAIR",
    "ModelId": "225_01_1"
  },
  {
    "ModelName": "CHECKPOINT",
    "ModelId": "425_01_1"
  },
  {
    "ModelName": "CHECKPOINT_FRONT",
    "ModelId": "425_03_1"
  },
  {
    "ModelName": "CHECKPOINT_SNOW",
    "ModelId": "443_01_1"
  },
  {
    "ModelName": "CHECKPOINT_WINDOW",
    "ModelId": "425_02_1"
  },
  {
    "ModelName": "CIVILIAN_GUY1",
    "ModelId": "011_01_1"
  },
  {
    "ModelName": "COLLISION_BOX",
    "ModelId": "COLBOX"
  },
  {
    "ModelName": "COLLISION_BOX1",
    "ModelId": "COLBOX1"
  },
  {
    "ModelName": "COLLISION_BOX2",
    "ModelId": "COLBOX2"
  },
  {
    "ModelName": "COLLISION_BOX3",
    "ModelId": "COLBOX3"
  },
  {
    "ModelName": "COLLISION_BOX4",
    "ModelId": "COLBOX4"
  },
  {
    "ModelName": "COLLISION_BOX66",
    "ModelId": "COLBOX66"
  },
  {
    "ModelName": "COMM_BUILDING",
    "ModelId": "402_01_1"
  },
  {
    "ModelName": "COMM_BUILDING_GLASS",
    "ModelId": "402_03_1"
  },
  {
    "ModelName": "COMM_BUILDING_INTERIOR",
    "ModelId": "402_05_1"
  },
  {
    "ModelName": "COMM_BUILDING_SNOW",
    "ModelId": "444_01_1"
  },
  {
    "ModelName": "COMM_BUILDING_UNDERGROUND",
    "ModelId": "402_06_1"
  },
  {
    "ModelName": "COMM_BUILDING_WINDOW",
    "ModelId": "402_08_1"
  },
  {
    "ModelName": "COMM_BUILDING_WINDOW",
    "ModelId": "402_09_1"
  },
  {
    "ModelName": "COMM_DEVICE_POWER",
    "ModelId": "248_01_1"
  },
  {
    "ModelName": "COMM_MAINFRAME",
    "ModelId": "220_01_1"
  },
  {
    "ModelName": "COMM_TOWER",
    "ModelId": "455_01_1"
  },
  {
    "ModelName": "COMM_TOWER_INTERIOR",
    "ModelId": "455_04_1"
  },
  {
    "ModelName": "COMM_TOWER_INTERIOR",
    "ModelId": "455_05_1"
  },
  {
    "ModelName": "COMM_TOWER_LIGHT",
    "ModelId": "455_06_1"
  },
  {
    "ModelName": "COMM_TOWER_STAIRS",
    "ModelId": "402_07_1"
  },
  {
    "ModelName": "COMM_TOWER_WINDOW",
    "ModelId": "455_02_1"
  },
  {
    "ModelName": "COMM_TOWER_WINDOW",
    "ModelId": "455_03_1"
  },
  {
    "ModelName": "COMPOUND",
    "ModelId": "370_01_1"
  },
  {
    "ModelName": "COMPUTER",
    "ModelId": "203_01_1"
  },
  {
    "ModelName": "COMPUTER_DESTROYED",
    "ModelId": "203_02_1"
  },
  {
    "ModelName": "COMPUTER_MAINFRAME",
    "ModelId": "212_01_1"
  },
  {
    "ModelName": "COMPUTER_MONITOR",
    "ModelId": "252_01_1"
  },
  {
    "ModelName": "COMPUTER_MONITOR_DESTROYED",
    "ModelId": "252_02_1"
  },
  {
    "ModelName": "CONTAINER",
    "ModelId": "353_01_1"
  },
  {
    "ModelName": "CONTAINER",
    "ModelId": "353_02_1"
  },
  {
    "ModelName": "CONTAINER_BLUE",
    "ModelId": "319_01_1"
  },
  {
    "ModelName": "CONTAINER_CYLINDRICAL",
    "ModelId": "347_01_1"
  },
  {
    "ModelName": "CONTAINER_GREEN",
    "ModelId": "319_04_1"
  },
  {
    "ModelName": "CONTAINER_GREEN",
    "ModelId": "319_05_1"
  },
  {
    "ModelName": "CONTAINER_RED",
    "ModelId": "319_02_1"
  },
  {
    "ModelName": "CONTAINER_SNOW",
    "ModelId": "353_03_1"
  },
  {
    "ModelName": "CONTAINER_SNOW",
    "ModelId": "353_04_1"
  },
  {
    "ModelName": "CONTAINER_SNOW",
    "ModelId": "353_05_1"
  },
  {
    "ModelName": "CONTAINER_YELLOW",
    "ModelId": "319_03_1"
  },
  {
    "ModelName": "COOLANT_SYSTEM_BUILDING",
    "ModelId": "433_02_1"
  },
  {
    "ModelName": "COOLANT_SYSTEM_BUILDING_WINDOW",
    "ModelId": "433_04_1"
  },
  {
    "ModelName": "COOLANT_SYSTEM_COMPUTERS",
    "ModelId": "433_05_1"
  },
  {
    "ModelName": "COOLING_TOWER",
    "ModelId": "434_01_1"
  },
  {
    "ModelName": "CORSSING_BRIDGE",
    "ModelId": "440_01_1"
  },
  {
    "ModelName": "DEATHZONE",
    "ModelId": "601_07_1"
  },
  {
    "ModelName": "DEATHZONE",
    "ModelId": "605_08_1"
  },
  {
    "ModelName": "DEATHZONE",
    "ModelId": "605_09_1"
  },
  {
    "ModelName": "DEATHZONE",
    "ModelId": "610_04_1"
  },
  {
    "ModelName": "DECOR",
    "ModelId": "301_02_1"
  },
  {
    "ModelName": "DESK",
    "ModelId": "205_01_1"
  },
  {
    "ModelName": "DIVIDER",
    "ModelId": "376_01_1"
  },
  {
    "ModelName": "DOOR",
    "ModelId": "500_01_1"
  },
  {
    "ModelName": "DOOR",
    "ModelId": "503_01_1"
  },
  {
    "ModelName": "DOOR",
    "ModelId": "504_01_1"
  },
  {
    "ModelName": "DOOR",
    "ModelId": "507_01_1"
  },
  {
    "ModelName": "DOORS_MOVE",
    "ModelId": "456_05_1"
  },
  {
    "ModelName": "EKKS_HELIPAD",
    "ModelId": "470_01_1"
  },
  {
    "ModelName": "EKKS_HELIPAD_BASE",
    "ModelId": "470_02_1"
  },
  {
    "ModelName": "EKKS_HELIPAD_DOOR",
    "ModelId": "456_03_1"
  },
  {
    "ModelName": "ELEVATOR",
    "ModelId": "200_01_1"
  },
  {
    "ModelName": "ELEVATOR_BUILDING",
    "ModelId": "432_01_1"
  },
  {
    "ModelName": "ELEVATOR_BUILDING",
    "ModelId": "432_03_1"
  },
  {
    "ModelName": "ELEVATOR_DOOR",
    "ModelId": "505_01_1"
  },
  {
    "ModelName": "ELEVATOR_DOOR",
    "ModelId": "505_02_1"
  },
  {
    "ModelName": "ELEVATOR_FLOOR",
    "ModelId": "432_02_1"
  },
  {
    "ModelName": "ELEVATOR_ROOM",
    "ModelId": "467_01_1"
  },
  {
    "ModelName": "ELEVATOR_TOP",
    "ModelId": "245_01_1"
  },
  {
    "ModelName": "FAN",
    "ModelId": "433_03_1"
  },
  {
    "ModelName": "FAN_ROOM_BUILDING",
    "ModelId": "451_01_1"
  },
  {
    "ModelName": "FAN_ROOM_LASER_BASE",
    "ModelId": "241_02_1"
  },
  {
    "ModelName": "FAN_ROOM_LASER_TOP",
    "ModelId": "241_01_1"
  },
  {
    "ModelName": "FENCES",
    "ModelId": "303_02_1"
  },
  {
    "ModelName": "FENCES",
    "ModelId": "370_02_1"
  },
  {
    "ModelName": "FENCE_GATES",
    "ModelId": "304_01_1"
  },
  {
    "ModelName": "FENCE_STEEL",
    "ModelId": "302_02_1"
  },
  {
    "ModelName": "FENCE_WOODEN",
    "ModelId": "302_01_1"
  },
  {
    "ModelName": "FENCE_WOODEN",
    "ModelId": "331_01_1"
  },
  {
    "ModelName": "FILINGCABINET",
    "ModelId": "206_01_1"
  },
  {
    "ModelName": "FILINGCABINET",
    "ModelId": "206_02_1"
  },
  {
    "ModelName": "FILLERPLATE",
    "ModelId": "359_01_1"
  },
  {
    "ModelName": "FILLER_FACTORY_GROUND",
    "ModelId": "487_01_1"
  },
  {
    "ModelName": "FILLER_FACTORY_UPPER",
    "ModelId": "487_02_1"
  },
  {
    "ModelName": "FLASHBANG_PHYSICS_OBJ",
    "ModelId": "137_01_1"
  },
  {
    "ModelName": "FLOODLIGHT",
    "ModelId": "303_04_1"
  },
  {
    "ModelName": "FLOODLIGHT",
    "ModelId": "318_01_1"
  },
  {
    "ModelName": "FLOODLIGHT",
    "ModelId": "335_01_1"
  },
  {
    "ModelName": "FORKLIFTER",
    "ModelId": "611_01_1"
  },
  {
    "ModelName": "FORKLIFTER_CARRIAGE",
    "ModelId": "611_04_1"
  },
  {
    "ModelName": "FORKLIFTER_WHEELS",
    "ModelId": "611_02_1"
  },
  {
    "ModelName": "FORKLIFTER_WHEELS",
    "ModelId": "611_03_1"
  },
  {
    "ModelName": "FORTRESS",
    "ModelId": "423_01_1"
  },
  {
    "ModelName": "FUEL_DEPOT",
    "ModelId": "413_01_1"
  },
  {
    "ModelName": "FUEL_DEPOT_SNOW",
    "ModelId": "413_04_1"
  },
  {
    "ModelName": "FUEL_DEPOT_STAIRS",
    "ModelId": "413_02_1"
  },
  {
    "ModelName": "FUEL_TRUCK",
    "ModelId": "603_02_1"
  },
  {
    "ModelName": "FUSEBOX",
    "ModelId": "223_01_1"
  },
  {
    "ModelName": "GARAGE",
    "ModelId": "410_01_1"
  },
  {
    "ModelName": "GARAGE_INTERIOR",
    "ModelId": "410_02_1"
  },
  {
    "ModelName": "GLASS",
    "ModelId": "410_03_1"
  },
  {
    "ModelName": "GARAGE_SNOW",
    "ModelId": "442_01_1"
  },
  {
    "ModelName": "GENERATOR_BIG",
    "ModelId": "201_01_1"
  },
  {
    "ModelName": "GENERATOR_SMALL",
    "ModelId": "242_01_1"
  },
  {
    "ModelName": "GENERATOR_SWITCH",
    "ModelId": "201_12_1"
  },
  {
    "ModelName": "GRENADE_PHYSSICS_OBJ",
    "ModelId": "135_01_1"
  },
  {
    "ModelName": "GUARD_HQ",
    "ModelId": "403_01_1"
  },
  {
    "ModelName": "GUARD_HQ_BATHROOM",
    "ModelId": "403_09_1"
  },
  {
    "ModelName": "GUARD_HQ_ELEVATOR",
    "ModelId": "403_04_1"
  },
  {
    "ModelName": "GUARD_HQ_GROUND_FLOOR",
    "ModelId": "403_02_1"
  },
  {
    "ModelName": "GUARD_HQ_GROUND_ROOM",
    "ModelId": "403_03_1"
  },
  {
    "ModelName": "GUARD_HQ_INTERIOR",
    "ModelId": "403_05_1"
  },
  {
    "ModelName": "GUARD_HQ_SNOW",
    "ModelId": "403_12_1"
  },
  {
    "ModelName": "GUARD_HQ_UNDERGROUND",
    "ModelId": "403_06_1"
  },
  {
    "ModelName": "GUARD_HQ_UNDERGROUND_ROOM1",
    "ModelId": "403_07_1"
  },
  {
    "ModelName": "GUARD_HQ_UNDERGROUND_ROOM2",
    "ModelId": "403_08_1"
  },
  {
    "ModelName": "GUARD_ROOM",
    "ModelId": "480_01_1"
  },
  {
    "ModelName": "GUARD_WAREHOUSE",
    "ModelId": "004_02_1"
  },
  {
    "ModelName": "GUN STAND",
    "ModelId": "123_02_1"
  },
  {
    "ModelName": "GUNNER_BUILDING",
    "ModelId": "459_01_1"
  },
  {
    "ModelName": "GUNNER_BUILDING_INTERIOR",
    "ModelId": "459_02_1"
  },
  {
    "ModelName": "GUNNER_BUILDING_SIDE_ROOM",
    "ModelId": "459_03_1"
  },
  {
    "ModelName": "GUNNER_BUILDING_WINDOW",
    "ModelId": "459_04_1"
  },
  {
    "ModelName": "GUNPOST",
    "ModelId": "407_01_1"
  },
  {
    "ModelName": "GUNX2",
    "ModelId": "111_05_1"
  },
  {
    "ModelName": "GUN_CLIP",
    "ModelId": "100_03_1"
  },
  {
    "ModelName": "GUN_CLIP",
    "ModelId": "105_02_1"
  },
  {
    "ModelName": "GUN_CLIP",
    "ModelId": "106_02_1"
  },
  {
    "ModelName": "GUN_CLIP",
    "ModelId": "107_03_1"
  },
  {
    "ModelName": "GUN_CLIP",
    "ModelId": "108_02_1"
  },
  {
    "ModelName": "GUN_CLIP",
    "ModelId": "111_02_1"
  },
  {
    "ModelName": "GUN_MOVING_PART",
    "ModelId": "100_02_1"
  },
  {
    "ModelName": "GUN_MOVING_PART",
    "ModelId": "111_03_1"
  },
  {
    "ModelName": "GUN_STAND",
    "ModelId": "326_01_1"
  },
  {
    "ModelName": "HANGER_LIGHTS",
    "ModelId": "346_01_1"
  },
  {
    "ModelName": "HARRISON",
    "ModelId": "021_01_1"
  },
  {
    "ModelName": "HARRISON",
    "ModelId": "022_01_1"
  },
  {
    "ModelName": "HEICOPTER_ROTOR",
    "ModelId": "711_03_1"
  },
  {
    "ModelName": "HEICOPTER_ROTOR",
    "ModelId": "712_02_1"
  },
  {
    "ModelName": "HELICOPTER",
    "ModelId": "709_01_1"
  },
  {
    "ModelName": "HELICOPTER_DESTROYED",
    "ModelId": "713_01_1"
  },
  {
    "ModelName": "HELICOPTER_GUN_MIL",
    "ModelId": "700_11_1"
  },
  {
    "ModelName": "HELICOPTER_PART",
    "ModelId": "700_05_1"
  },
  {
    "ModelName": "HELICOPTER_PATROL",
    "ModelId": "700_01_1"
  },
  {
    "ModelName": "HELICOPTER_PATROL_AT-2",
    "ModelId": "700_09_1"
  },
  {
    "ModelName": "HELICOPTER_PATROL_FRONT",
    "ModelId": "700_06_1"
  },
  {
    "ModelName": "HELICOPTER_PATROL_FRONT",
    "ModelId": "700_07_1"
  },
  {
    "ModelName": "HELICOPTER_PATROL_ROTOR",
    "ModelId": "700_04_1"
  },
  {
    "ModelName": "HELICOPTER_PATROL_ROTOR_HOLDER",
    "ModelId": "700_03_1"
  },
  {
    "ModelName": "HELICOPTER_ROTOR",
    "ModelId": "711_01_1"
  },
  {
    "ModelName": "HELICOPTER_ROTOR_BLADES",
    "ModelId": "711_02_1"
  },
  {
    "ModelName": "HELICOPTER_WHEELS",
    "ModelId": "700_14_1"
  },
  {
    "ModelName": "HELICOPTER_WINDOW",
    "ModelId": "709_02_1"
  },
  {
    "ModelName": "HELIPAD",
    "ModelId": "1700_02_1"
  },
  {
    "ModelName": "HELI_GUN",
    "ModelId": "700_12_1"
  },
  {
    "ModelName": "HIND_MISSILE",
    "ModelId": "700_10_1"
  },
  {
    "ModelName": "HITZONE",
    "ModelId": "610_03_1"
  },
  {
    "ModelName": "HOLDER",
    "ModelId": "373_01_1"
  },
  {
    "ModelName": "HOUSE_WINDOW",
    "ModelId": "422_02_1"
  },
  {
    "ModelName": "HOUSE_WINDOW_DESTROYED",
    "ModelId": "422_03_1"
  },
  {
    "ModelName": "IRON_POLE",
    "ModelId": "308_01_1"
  },
  {
    "ModelName": "JEEP",
    "ModelId": "604_01_1"
  },
  {
    "ModelName": "JEEP_WHEELS",
    "ModelId": "604_03_1"
  },
  {
    "ModelName": "JEEP_WINDOW",
    "ModelId": "604_02_1"
  },
  {
    "ModelName": "JOINT_FIXER",
    "ModelId": "joint_fixer"
  },
  {
    "ModelName": "JOINT_FIXER2",
    "ModelId": "joint_fixer2"
  },
  {
    "ModelName": "JONES",
    "ModelId": "000_01_1"
  },
  {
    "ModelName": "KEYBOARD",
    "ModelId": "203_06_1"
  },
  {
    "ModelName": "KEYCARD",
    "ModelId": "141_01_1"
  },
  {
    "ModelName": "LAMP",
    "ModelId": "216_01_1"
  },
  {
    "ModelName": "LAMP_CIELING",
    "ModelId": "208_01_1"
  },
  {
    "ModelName": "LAMP_CIELING",
    "ModelId": "226_01_1"
  },
  {
    "ModelName": "LARGE WALLS",
    "ModelId": "311_01_1"
  },
  {
    "ModelName": "LARGE WALLS",
    "ModelId": "311_04_1"
  },
  {
    "ModelName": "LARGEFUELCONTAINER",
    "ModelId": "438_01_1"
  },
  {
    "ModelName": "LARGEFUELCONTAINER_DESTROYED",
    "ModelId": "438_02_1"
  },
  {
    "ModelName": "LARGERUINED_HOUSE",
    "ModelId": "422_01_1"
  },
  {
    "ModelName": "LARGEWAREHOUSE",
    "ModelId": "428_01_1"
  },
  {
    "ModelName": "LARGEWAREHOUSE_INTERIOR",
    "ModelId": "428_02_1"
  },
  {
    "ModelName": "LARGEWAREHOUSE_INTERIOR_ROOM",
    "ModelId": "428_03_1"
  },
  {
    "ModelName": "LARGEWAREHOUSE_SNOW",
    "ModelId": "428_04_1"
  },
  {
    "ModelName": "LARGE_DOOR",
    "ModelId": "456_06_1"
  },
  {
    "ModelName": "LARGE_FAN_BUILDING",
    "ModelId": "451_02_1"
  },
  {
    "ModelName": "LARGE_LIGHTS",
    "ModelId": "210_01_1"
  },
  {
    "ModelName": "LARGE_POWER_GENERATOR",
    "ModelId": "454_01_1"
  },
  {
    "ModelName": "LARGE_WALLS3",
    "ModelId": "311_02_1"
  },
  {
    "ModelName": "LASER_DESIGNATOR_ITEM",
    "ModelId": "140_01_1"
  },
  {
    "ModelName": "LEVE14_FINAL_BOMB",
    "ModelId": "251_01_1"
  },
  {
    "ModelName": "LEVEL14_AMMO_AREA",
    "ModelId": "462_04_1"
  },
  {
    "ModelName": "LEVEL14_AREA1_BUILDING",
    "ModelId": "462_03_1"
  },
  {
    "ModelName": "LEVEL14_AREA1_BUILDING",
    "ModelId": "488_05_1"
  },
  {
    "ModelName": "LEVEL14_AREA1_WINDOW",
    "ModelId": "462_06_1"
  },
  {
    "ModelName": "LEVEL14_AREA2_ROOM",
    "ModelId": "482_02_1"
  },
  {
    "ModelName": "LEVEL14_BATH_ROOM",
    "ModelId": "478_02_1"
  },
  {
    "ModelName": "LEVEL14_FINAL_BUILDING",
    "ModelId": "464_01_1"
  },
  {
    "ModelName": "LEVEL14_FINAL_ROOM",
    "ModelId": "464_02_1"
  },
  {
    "ModelName": "LEVEL14_GENERATOR_ROOM_AREA",
    "ModelId": "454_02_1"
  },
  {
    "ModelName": "LEVEL14_KITCHEN_ROOM",
    "ModelId": "483_02_1"
  },
  {
    "ModelName": "LEVEL14_LARGE_CONTAINERS",
    "ModelId": "462_02_1"
  },
  {
    "ModelName": "LEVEL14_SENTRY_GUN_AREA",
    "ModelId": "481_02_1"
  },
  {
    "ModelName": "LIGHT",
    "ModelId": "316_01_1"
  },
  {
    "ModelName": "LIGHT",
    "ModelId": "324_01_1"
  },
  {
    "ModelName": "LIGHTS_FLAT",
    "ModelId": "207_01_1"
  },
  {
    "ModelName": "LIGHTS_ROUND",
    "ModelId": "236_01_1"
  },
  {
    "ModelName": "LIMO",
    "ModelId": "616_01_1"
  },
  {
    "ModelName": "LINGCABINET",
    "ModelId": "351_01_1"
  },
  {
    "ModelName": "LOADINGBAY",
    "ModelId": "419_01_1"
  },
  {
    "ModelName": "LOADINGBAY_SNOW",
    "ModelId": "419_02_1"
  },
  {
    "ModelName": "LOCKER",
    "ModelId": "247_01_1"
  },
  {
    "ModelName": "LOUD_SPEAKERS",
    "ModelId": "310_01_1"
  },
  {
    "ModelName": "MAGIC_GLASS",
    "ModelId": "600_05_1"
  },
  {
    "ModelName": "MAIN_ELEVATOR",
    "ModelId": "488_01_1"
  },
  {
    "ModelName": "MAP_COMPUTER",
    "ModelId": "112_02_1"
  },
  {
    "ModelName": "MEDICAL_SIGNBOARD",
    "ModelId": "348_01_1"
  },
  {
    "ModelName": "MEDIUM_LIGHTS",
    "ModelId": "209_01_1"
  },
  {
    "ModelName": "METAL_BOX",
    "ModelId": "305_01_1"
  },
  {
    "ModelName": "METAL_DOOR",
    "ModelId": "424_03_1"
  },
  {
    "ModelName": "METAL_DOOR_3",
    "ModelId": "506_02_1"
  },
  {
    "ModelName": "METAL_DOOR_BASE",
    "ModelId": "448_01_1"
  },
  {
    "ModelName": "METAL_DOOR_ENTERANCE",
    "ModelId": "424_04_1"
  },
  {
    "ModelName": "METAL_DOOR_SLIDE_RIGHT",
    "ModelId": "501_01_1"
  },
  {
    "ModelName": "METAL_DOOR_SLIDE_UP",
    "ModelId": "506_01_1"
  },
  {
    "ModelName": "METAL_FLOOR",
    "ModelId": "200_04_1"
  },
  {
    "ModelName": "MINEFIELD",
    "ModelId": "332_02_1"
  },
  {
    "ModelName": "MINEFIELD",
    "ModelId": "s332_02_1"
  },
  {
    "ModelName": "MISSILE",
    "ModelId": "615_01_1"
  },
  {
    "ModelName": "MISSILE2",
    "ModelId": "714_01_1"
  },
  {
    "ModelName": "MISSILE_HOLDER",
    "ModelId": "615_10_1"
  },
  {
    "ModelName": "MISSILE_PART",
    "ModelId": "615_03_1"
  },
  {
    "ModelName": "MISSILE_PART",
    "ModelId": "615_04_1"
  },
  {
    "ModelName": "MISSILE_PAYLOAD",
    "ModelId": "615_02_1"
  },
  {
    "ModelName": "MISSILE_RPG",
    "ModelId": "110_02_1"
  },
  {
    "ModelName": "NUCLEAR_BUILDING",
    "ModelId": "491_01_1"
  },
  {
    "ModelName": "NUCLEAR_CONTAINER",
    "ModelId": "254_01_1"
  },
  {
    "ModelName": "NUCLEAR_COOLANT_REACTOR",
    "ModelId": "433_06_1"
  },
  {
    "ModelName": "NUCLEAR_COOLANT_SYSTEM",
    "ModelId": "433_01_1"
  },
  {
    "ModelName": "NUCLEAR_UNDERGROUND_GENRATOR",
    "ModelId": "465_03_1"
  },
  {
    "ModelName": "NUCLEAR_UNDERGROUND_GENRATOR_BOTTOM",
    "ModelId": "465_02_1"
  },
  {
    "ModelName": "NUCLEAR_UNDERGROUND_GENRATOR_TOP",
    "ModelId": "465_02_1"
  },
  {
    "ModelName": "OFFICEBUILDING",
    "ModelId": "409_01_1"
  },
  {
    "ModelName": "OFFICEBUILDING_INTERIOR",
    "ModelId": "409_02_1"
  },
  {
    "ModelName": "OFFICEBUILDING_INTERIOR",
    "ModelId": "409_03_1"
  },
  {
    "ModelName": "OFFICEBUILDING_INTERIOR",
    "ModelId": "409_05_1"
  },
  {
    "ModelName": "OFFICEBUILDING_INTERIOR",
    "ModelId": "409_06_1"
  },
  {
    "ModelName": "OFFICEBUILDING_INTERIOR",
    "ModelId": "409_07_1"
  },
  {
    "ModelName": "OFFICEBUILDING_INTERIOR",
    "ModelId": "409_08_1"
  },
  {
    "ModelName": "OFFICEBUILDING_INTERIOR",
    "ModelId": "409_09_1"
  },
  {
    "ModelName": "OFFICEBUILDING_INTERIOR",
    "ModelId": "409_10_1"
  },
  {
    "ModelName": "OFFICEBUILDING_SNOW",
    "ModelId": "409_11_1"
  },
  {
    "ModelName": "OFFICEBUILDING_WINDOW_AREA",
    "ModelId": "409_04_1"
  },
  {
    "ModelName": "OFFICE_ROOM",
    "ModelId": "481_01_1"
  },
  {
    "ModelName": "OFFICE_ROOM_STOP",
    "ModelId": "482_01_1"
  },
  {
    "ModelName": "OILSKIN_CRATE",
    "ModelId": "342_01_1"
  },
  {
    "ModelName": "OVERPASS",
    "ModelId": "417_01_1"
  },
  {
    "ModelName": "OVERPASS_STAIRS",
    "ModelId": "417_02_1"
  },
  {
    "ModelName": "PHONE",
    "ModelId": "217_01_1"
  },
  {
    "ModelName": "PILOT_AI",
    "ModelId": "715_01_1"
  },
  {
    "ModelName": "PLANE_JSF",
    "ModelId": "702_01_1"
  },
  {
    "ModelName": "PLANE_JSF",
    "ModelId": "702_02_1"
  },
  {
    "ModelName": "PLANE_JSF_BACK",
    "ModelId": "702_09_1"
  },
  {
    "ModelName": "PLANE_JSF_FRONT",
    "ModelId": "702_03_1"
  },
  {
    "ModelName": "PLANE_JSF_THRUST",
    "ModelId": "702_16_1"
  },
  {
    "ModelName": "PLANE_SU27",
    "ModelId": "703_01_1"
  },
  {
    "ModelName": "POLE",
    "ModelId": "355_01_1"
  },
  {
    "ModelName": "POLE_TELEGRAPH",
    "ModelId": "307_01_1"
  },
  {
    "ModelName": "POLE_WIRE",
    "ModelId": "320_02_1"
  },
  {
    "ModelName": "POLE_WIRED",
    "ModelId": "338_01_1"
  },
  {
    "ModelName": "POWER_BUILDING",
    "ModelId": "401_01_1"
  },
  {
    "ModelName": "POWER_BUILDING_INTERIOR",
    "ModelId": "401_02_1"
  },
  {
    "ModelName": "POWER_BUILDING_SNOW",
    "ModelId": "401_03_1"
  },
  {
    "ModelName": "POWER_SWITCH",
    "ModelId": "222_01_1"
  },
  {
    "ModelName": "PRIBOI_WAREHOUSE",
    "ModelId": "411_01_1"
  },
  {
    "ModelName": "PRIBOI_WAREHOUSE_GLASS_ROOM_WINDOW",
    "ModelId": "411_05_1"
  },
  {
    "ModelName": "PRIBOI_WAREHOUSE_GLASS_ROOM_WINDOW",
    "ModelId": "411_06_1"
  },
  {
    "ModelName": "PRIBOI_WAREHOUSE_GROUND_BASE1",
    "ModelId": "411_02_1"
  },
  {
    "ModelName": "PRIBOI_WAREHOUSE_GROUND_BASE2",
    "ModelId": "411_03_1"
  },
  {
    "ModelName": "PRIBOI_WAREHOUSE_WINDOW",
    "ModelId": "411_04_1"
  },
  {
    "ModelName": "PRISON_BED",
    "ModelId": "231_01_1"
  },
  {
    "ModelName": "PYLON",
    "ModelId": "489_01_1"
  },
  {
    "ModelName": "RADARDOME",
    "ModelId": "446_01_1"
  },
  {
    "ModelName": "RADARDOME_EXTERIOR",
    "ModelId": "446_03_1"
  },
  {
    "ModelName": "RADARDOME_INTERIOR",
    "ModelId": "446_02_1"
  },
  {
    "ModelName": "RADARDOME_STAIRS",
    "ModelId": "240_01_1"
  },
  {
    "ModelName": "RADAR_ROTOR",
    "ModelId": "436_02_1"
  },
  {
    "ModelName": "RADAR_TOWER",
    "ModelId": "436_01_1"
  },
  {
    "ModelName": "RADIO",
    "ModelId": "204_01_1"
  },
  {
    "ModelName": "RADIOACTIVE_WASTE",
    "ModelId": "360_01_1"
  },
  {
    "ModelName": "RADIOMAST",
    "ModelId": "402_04_1"
  },
  {
    "ModelName": "RADIO_2",
    "ModelId": "204_02_1"
  },
  {
    "ModelName": "RED_CAR",
    "ModelId": "617_01_1"
  },
  {
    "ModelName": "RED_CAR_WHEELS",
    "ModelId": "617_02_1"
  },
  {
    "ModelName": "ROAD",
    "ModelId": "328_01_1"
  },
  {
    "ModelName": "ROAD",
    "ModelId": "364_02_1"
  },
  {
    "ModelName": "ROAD_TRACK",
    "ModelId": "322_01_1"
  },
  {
    "ModelName": "ROAD_TRACK",
    "ModelId": "368_01_1"
  },
  {
    "ModelName": "RUINEDVILARGEHOUSE",
    "ModelId": "416_01_1"
  },
  {
    "ModelName": "RUINED_BUILDING",
    "ModelId": "421_01_1"
  },
  {
    "ModelName": "RUNNING",
    "ModelId": "456_11_1"
  },
  {
    "ModelName": "RUNWAY_TRACK1",
    "ModelId": "327_01_1"
  },
  {
    "ModelName": "RUNWAY_TRACK2",
    "ModelId": "327_02_1"
  },
  {
    "ModelName": "RUNWAY_TRACK3",
    "ModelId": "327_03_1"
  },
  {
    "ModelName": "SAM_LAUNCHER",
    "ModelId": "621_01_1"
  },
  {
    "ModelName": "SAM_LAUNCHER_DESTROYED",
    "ModelId": "621_02_1"
  },
  {
    "ModelName": "SAM_MISSILE",
    "ModelId": "136_02_1"
  },
  {
    "ModelName": "SANDBAGS",
    "ModelId": "356_01_1"
  },
  {
    "ModelName": "SANDBAGS_POST",
    "ModelId": "408_01_1"
  },
  {
    "ModelName": "SANDBAGS_POST",
    "ModelId": "441_01_1"
  },
  {
    "ModelName": "SANDBAGS_WALL",
    "ModelId": "337_01_1"
  },
  {
    "ModelName": "SCAFFOLDING",
    "ModelId": "361_01_1"
  },
  {
    "ModelName": "SECURITYBUILDING",
    "ModelId": "400_20_1"
  },
  {
    "ModelName": "SECURITYBUILDING_BASE_FLOOR",
    "ModelId": "400_21_1"
  },
  {
    "ModelName": "SECURITYBUILDING_ENTERANCE",
    "ModelId": "400_02_1"
  },
  {
    "ModelName": "SECURITYBUILDING_GROUND_ROOM",
    "ModelId": "490_05_1"
  },
  {
    "ModelName": "SECURITYBUILDING_INTERIOR",
    "ModelId": "400_03_1"
  },
  {
    "ModelName": "SECURITYBUILDING_INTERIOR",
    "ModelId": "400_15_1"
  },
  {
    "ModelName": "SECURITYBUILDING_INTERIOR",
    "ModelId": "400_16_1"
  },
  {
    "ModelName": "SECURITYBUILDING_ROOM1",
    "ModelId": "400_04_1"
  },
  {
    "ModelName": "SECURITYBUILDING_SNOW",
    "ModelId": "400_19_1"
  },
  {
    "ModelName": "SECURITYBUILDING_STAIRS",
    "ModelId": "400_17_1"
  },
  {
    "ModelName": "SECURITYBUILDING_STAIRS",
    "ModelId": "400_18_1"
  },
  {
    "ModelName": "SECURITYBUILDING_UG_ENTERANCE",
    "ModelId": "400_08_1"
  },
  {
    "ModelName": "SECURITYBUILDING_UG_EXTERIOR",
    "ModelId": "490_02_1"
  },
  {
    "ModelName": "SECURITYBUILDING_UG_EXTERIOR",
    "ModelId": "490_03_1"
  },
  {
    "ModelName": "SECURITYBUILDING_UG_EXTERIOR",
    "ModelId": "490_04_1"
  },
  {
    "ModelName": "SECURITYBUILDING_UG_MAIN",
    "ModelId": "400_09_1"
  },
  {
    "ModelName": "SECURITYBUILDING_UG_ROOM1",
    "ModelId": "400_11_1"
  },
  {
    "ModelName": "SECURITYBUILDING_UG_ROOM2",
    "ModelId": "400_12_1"
  },
  {
    "ModelName": "SECURITYBUILDING_UG_ROOM3",
    "ModelId": "400_13_1"
  },
  {
    "ModelName": "SECURITYBUILDING_UG_ROOM_ENTERANCE",
    "ModelId": "400_10_1"
  },
  {
    "ModelName": "SECURITYBUILDING_UG_ROOM_MED",
    "ModelId": "400_14_1"
  },
  {
    "ModelName": "SECURITYBUILDING_UNDERGROUND",
    "ModelId": "490_01_1"
  },
  {
    "ModelName": "SENTRY_GUN_MODEL",
    "ModelId": "456_12_1"
  },
  {
    "ModelName": "SHELTER",
    "ModelId": "461_01_1"
  },
  {
    "ModelName": "SHOWER",
    "ModelId": "229_01_1"
  },
  {
    "ModelName": "SIDE_BOX",
    "ModelId": "317_01_1"
  },
  {
    "ModelName": "SIGNPOST",
    "ModelId": "357_01_1"
  },
  {
    "ModelName": "SIGN_AMMO_AREA",
    "ModelId": "345_01_1"
  },
  {
    "ModelName": "SIGN_BOARD_COMM",
    "ModelId": "352_01_1"
  },
  {
    "ModelName": "SIGN_EXIT",
    "ModelId": "402_13_1"
  },
  {
    "ModelName": "SIGN_EXPLOSIVE",
    "ModelId": "374_01_1"
  },
  {
    "ModelName": "SIGN_GUNMAN",
    "ModelId": "349_01_1"
  },
  {
    "ModelName": "SINK",
    "ModelId": "253_01_1"
  },
  {
    "ModelName": "SIREN",
    "ModelId": "309_01_1"
  },
  {
    "ModelName": "SMALLBARRACKS",
    "ModelId": "418_01_1"
  },
  {
    "ModelName": "SMALLBARRACKS_INTERIOR",
    "ModelId": "418_02_1"
  },
  {
    "ModelName": "SMALLBARRACKS_SNOW",
    "ModelId": "418_04_1"
  },
  {
    "ModelName": "SMALLBARRACKS_WINDOW",
    "ModelId": "418_03_1"
  },
  {
    "ModelName": "SMALLFUELCONTAINER",
    "ModelId": "439_01_1"
  },
  {
    "ModelName": "SMALLFUELCONTAINER_EXPLODED",
    "ModelId": "439_02_1"
  },
  {
    "ModelName": "SMALLWALL",
    "ModelId": "311_03_1"
  },
  {
    "ModelName": "SMALLWAREHOUSE",
    "ModelId": "412_01_1"
  },
  {
    "ModelName": "SMALLWAREHOUSE_INTERIOR",
    "ModelId": "412_02_1"
  },
  {
    "ModelName": "SMALLWAREHOUSE_SNOW",
    "ModelId": "412_03_1"
  },
  {
    "ModelName": "SNIPER_HOUSE",
    "ModelId": "429_03_1"
  },
  {
    "ModelName": "SNIPER_HOUSE_INTERIOR",
    "ModelId": "429_02_1"
  },
  {
    "ModelName": "SNOW_ROAD",
    "ModelId": "336_01_1"
  },
  {
    "ModelName": "SNOW_ROAD",
    "ModelId": "364_01_1"
  },
  {
    "ModelName": "SOCKET",
    "ModelId": "221_01_1"
  },
  {
    "ModelName": "SODA_MACHINE",
    "ModelId": "214_01_1"
  },
  {
    "ModelName": "SOFA",
    "ModelId": "238_01_1"
  },
  {
    "ModelName": "STAIRS",
    "ModelId": "314_01_1"
  },
  {
    "ModelName": "STAIRS",
    "ModelId": "402_02_1"
  },
  {
    "ModelName": "STRAIGHT_UPWARDS",
    "ModelId": "473_01_1"
  },
  {
    "ModelName": "STREETLAMP",
    "ModelId": "365_01_1"
  },
  {
    "ModelName": "SWITCH",
    "ModelId": "202_01_1"
  },
  {
    "ModelName": "SWITCH_KEY",
    "ModelId": "213_01_1"
  },
  {
    "ModelName": "T-JUNCTION1",
    "ModelId": "430_01_1"
  },
  {
    "ModelName": "T-JUNCTION2",
    "ModelId": "450_01_1"
  },
  {
    "ModelName": "T-JUNCTION3",
    "ModelId": "475_01_1"
  },
  {
    "ModelName": "T-JUNCTION4",
    "ModelId": "476_01_1"
  },
  {
    "ModelName": "T-JUNCTION5",
    "ModelId": "477_01_1"
  },
  {
    "ModelName": "T-JUNCTION6",
    "ModelId": "431_01_1"
  },
  {
    "ModelName": "T-JUNCTION_SMALL",
    "ModelId": "474_01_1"
  },
  {
    "ModelName": "T80_DESTROYED",
    "ModelId": "614_08_1"
  },
  {
    "ModelName": "T80_LAUNCHER",
    "ModelId": "614_03_1"
  },
  {
    "ModelName": "T80_STATIONARY",
    "ModelId": "623_01_1"
  },
  {
    "ModelName": "T80_STATIONARY_WHEELS",
    "ModelId": "614_11_1"
  },
  {
    "ModelName": "T80_TANK",
    "ModelId": "614_01_1"
  },
  {
    "ModelName": "T80_TANK_DOOR",
    "ModelId": "614_02_1"
  },
  {
    "ModelName": "T80_WHEELS_1",
    "ModelId": "614_04_1"
  },
  {
    "ModelName": "T80_WHEELS_1",
    "ModelId": "614_05_1"
  },
  {
    "ModelName": "T80_WHEELS_2",
    "ModelId": "614_06_1"
  },
  {
    "ModelName": "TABLE",
    "ModelId": "224_01_1"
  },
  {
    "ModelName": "TABLE",
    "ModelId": "250_01_1"
  },
  {
    "ModelName": "TABLE_PACKAGE",
    "ModelId": "237_01_1"
  },
  {
    "ModelName": "TANK_APC_STATIONARY",
    "ModelId": "601_10_1"
  },
  {
    "ModelName": "TANK_BACK",
    "ModelId": "601_03_1"
  },
  {
    "ModelName": "TANK_DOOR",
    "ModelId": "601_02_1"
  },
  {
    "ModelName": "TANK_SHELL",
    "ModelId": "239_03_1"
  },
  {
    "ModelName": "TANK_SHELL_BOX_CLOSED",
    "ModelId": "239_01_1"
  },
  {
    "ModelName": "TANK_SHELL_BOX_OPEN",
    "ModelId": "239_02_1"
  },
  {
    "ModelName": "TANK_WHEEL",
    "ModelId": "601_06_1"
  },
  {
    "ModelName": "TARGET_SHOOTING",
    "ModelId": "339_01_1"
  },
  {
    "ModelName": "TERMINATOR",
    "ModelId": "375_01_1"
  },
  {
    "ModelName": "THREE_STOREY_BUILDING",
    "ModelId": "458_01_1"
  },
  {
    "ModelName": "THREE_STOREY_BUILDING_GLASS_LEFT",
    "ModelId": "458_02_1"
  },
  {
    "ModelName": "THREE_STOREY_BUILDING_GLASS_RIGHT",
    "ModelId": "458_03_1"
  },
  {
    "ModelName": "THREE_STOREY_BUILDING_GLASS_SIDE1",
    "ModelId": "458_04_1"
  },
  {
    "ModelName": "THREE_STOREY_BUILDING_GLASS_SIDE2",
    "ModelId": "458_05_1"
  },
  {
    "ModelName": "THREE_STOREY_BUILDING_GLASS_TOP1_LEFT",
    "ModelId": "458_07_1"
  },
  {
    "ModelName": "THREE_STOREY_BUILDING_GLASS_TOP1_RIGHT",
    "ModelId": "458_06_1"
  },
  {
    "ModelName": "THREE_STOREY_BUILDING_GLASS_TOP2_LEFT",
    "ModelId": "458_09_1"
  },
  {
    "ModelName": "THREE_STOREY_BUILDING_GLASS_TOP2_RIGHT",
    "ModelId": "458_08_1"
  },
  {
    "ModelName": "THREE_STOREY_BUILDING_GLASS_TOP3_LEFT",
    "ModelId": "458_11_1"
  },
  {
    "ModelName": "THREE_STOREY_BUILDING_GLASS_TOP3_RIGHT",
    "ModelId": "458_10_1"
  },
  {
    "ModelName": "THREE_STOREY_BUILDING_WINDOW",
    "ModelId": "458_14_1"
  },
  {
    "ModelName": "THREE_STOREY_BUILDING_WINDOW_DESTROYED",
    "ModelId": "458_15_1"
  },
  {
    "ModelName": "TOILET",
    "ModelId": "228_01_1"
  },
  {
    "ModelName": "TOILET",
    "ModelId": "478_01_1"
  },
  {
    "ModelName": "TOILET_DOOR",
    "ModelId": "478_04_1"
  },
  {
    "ModelName": "TOILET_WALLS",
    "ModelId": "478_03_1"
  },
  {
    "ModelName": "TOOLS_DESK",
    "ModelId": "235_01_1"
  },
  {
    "ModelName": "TRACK",
    "ModelId": "364_01_1"
  },
  {
    "ModelName": "TRAIN_BRIDGE",
    "ModelId": "325_01_1"
  },
  {
    "ModelName": "TRAIN_CARRIAGE",
    "ModelId": "620_01_1"
  },
  {
    "ModelName": "TRAIN_ENGINE",
    "ModelId": "605_01_1"
  },
  {
    "ModelName": "TRAIN_TRACK",
    "ModelId": "323_01_1"
  },
  {
    "ModelName": "TRAIN_WAGON",
    "ModelId": "608_01_1"
  },
  {
    "ModelName": "TRAIN_WAGON_2",
    "ModelId": "613_01_1"
  },
  {
    "ModelName": "TRAIN_WINDOW_LEFT",
    "ModelId": "605_04_1"
  },
  {
    "ModelName": "TRAIN_WINDOW_RIGHT",
    "ModelId": "605_05_1"
  },
  {
    "ModelName": "TRASHCAN",
    "ModelId": "315_01_1"
  },
  {
    "ModelName": "TREE",
    "ModelId": "900_01_1"
  },
  {
    "ModelName": "TREE_BIG",
    "ModelId": "902_01_1"
  },
  {
    "ModelName": "TREE_SMALL",
    "ModelId": "905_01_1"
  },
  {
    "ModelName": "TRUCK",
    "ModelId": "600_01_1"
  },
  {
    "ModelName": "TRUCK",
    "ModelId": "602_01_1"
  },
  {
    "ModelName": "TRUCK",
    "ModelId": "603_01_1"
  },
  {
    "ModelName": "TRUCK",
    "ModelId": "610_01_1"
  },
  {
    "ModelName": "TRUCK",
    "ModelId": "622_01_1"
  },
  {
    "ModelName": "TRUCK_BACK",
    "ModelId": "610_02_1"
  },
  {
    "ModelName": "TRUCK_DESTROYED",
    "ModelId": "603_03_1"
  },
  {
    "ModelName": "TRUCK_WINDOW_FRONT",
    "ModelId": "600_03_1"
  },
  {
    "ModelName": "TRUCK_WINDOW_LEFT",
    "ModelId": "600_04_1"
  },
  {
    "ModelName": "TRUCK_WINDOW_RIGHT",
    "ModelId": "600_06_1"
  },
  {
    "ModelName": "TUNNEL",
    "ModelId": "471_01_1"
  },
  {
    "ModelName": "TUNNEL_BASE",
    "ModelId": "485_01_1"
  },
  {
    "ModelName": "TUNNEL_SEGMENT",
    "ModelId": "457_01_1"
  },
  {
    "ModelName": "TUNNEL_SEGMENT_TURBINE_ROOM",
    "ModelId": "453_01_1"
  },
  {
    "ModelName": "TWO_STOREY_BUILDING",
    "ModelId": "422_01_1"
  },
  {
    "ModelName": "TWO_STOREY_BUILDING_RUINED",
    "ModelId": "422_04_1"
  },
  {
    "ModelName": "UNDERGROUND_AREA1",
    "ModelId": "468_01_1"
  },
  {
    "ModelName": "UNDERGROUND_AREA1_WALLS",
    "ModelId": "469_01_1"
  },
  {
    "ModelName": "UNDERGROUND_AREA_BASE",
    "ModelId": "479_01_1"
  },
  {
    "ModelName": "UNDERGROUND_BUILDING_1",
    "ModelId": "452_01_1"
  },
  {
    "ModelName": "UNDERGROUND_BUILDING_2",
    "ModelId": "466_01_1"
  },
  {
    "ModelName": "UNDERGROUND_BUILDING_3",
    "ModelId": "465_01_1"
  },
  {
    "ModelName": "UNDERGROUND_COMMON_ROOM",
    "ModelId": "480_02_1"
  },
  {
    "ModelName": "UNDERGROUND_ELEVATOR_ROOM",
    "ModelId": "467_02_1"
  },
  {
    "ModelName": "UNDERGROUND_GUARDS_ROOM",
    "ModelId": "448_02_1"
  },
  {
    "ModelName": "UNDERGROUND_GUARDS_ROOM_WINDOW",
    "ModelId": "448_03_1"
  },
  {
    "ModelName": "UNDERGROUND_TUNNEL_GUARDS_ROOM",
    "ModelId": "479_02_1"
  },
  {
    "ModelName": "UNDERGROUND_TUNNEL_JOINTFIXER1",
    "ModelId": "475_02_1"
  },
  {
    "ModelName": "UNDERGROUND_TUNNEL_MACHINE_ROOM",
    "ModelId": "468_02_1"
  },
  {
    "ModelName": "UNDERGROUND_TUNNEL_SEGMENT1",
    "ModelId": "430_02_1"
  },
  {
    "ModelName": "UNDERGROUND_TUNNEL_SEGMENT11",
    "ModelId": "466_02_1"
  },
  {
    "ModelName": "UNDERGROUND_TUNNEL_SEGMENT12",
    "ModelId": "476_02_1"
  },
  {
    "ModelName": "UNDERGROUND_TUNNEL_SEGMENT14",
    "ModelId": "474_02_1"
  },
  {
    "ModelName": "UNDERGROUND_TUNNEL_SEGMENT2",
    "ModelId": "450_02_1"
  },
  {
    "ModelName": "UNDERGROUND_TUNNEL_SEGMENT3",
    "ModelId": "431_02_1"
  },
  {
    "ModelName": "UNDERGROUND_TUNNEL_SEGMENT4",
    "ModelId": "457_02_1"
  },
  {
    "ModelName": "UNDERGROUND_TUNNEL_SEGMENT5",
    "ModelId": "452_02_1"
  },
  {
    "ModelName": "UNDERGROUND_TUNNEL_SEGMENT6",
    "ModelId": "476_02_1"
  },
  {
    "ModelName": "UNDERGROUND_TUNNEL_SEGMENT7",
    "ModelId": "477_02_1"
  },
  {
    "ModelName": "UNDERGROUND_TUNNEL_SEGMENT8",
    "ModelId": "473_02_1"
  },
  {
    "ModelName": "UNDERGROUND_TUNNEL_SEGMENT9",
    "ModelId": "469_02_1"
  },
  {
    "ModelName": "VEHICLE_T8W",
    "ModelId": "618_01_1"
  },
  {
    "ModelName": "VEHICLE_T8W_WHEELS",
    "ModelId": "618_02_1"
  },
  {
    "ModelName": "VERY_LARGE_GENERATOR",
    "ModelId": "243_01_1"
  },
  {
    "ModelName": "VERY_LARGE_GENERATOR",
    "ModelId": "243_02_1"
  },
  {
    "ModelName": "VERY_LARGE_GENERATOR_BOX",
    "ModelId": "244_01_1"
  },
  {
    "ModelName": "WAGON",
    "ModelId": "607_01_1"
  },
  {
    "ModelName": "WAGON",
    "ModelId": "609_01_1"
  },
  {
    "ModelName": "WAGON",
    "ModelId": "612_01_1"
  },
  {
    "ModelName": "WAGON_CARRIER_BOX",
    "ModelId": "606_01_1"
  },
  {
    "ModelName": "WALLS",
    "ModelId": "312_01_1"
  },
  {
    "ModelName": "WALLS",
    "ModelId": "312_02_1"
  },
  {
    "ModelName": "WALLS",
    "ModelId": "312_03_1"
  },
  {
    "ModelName": "WALLS",
    "ModelId": "312_05_1"
  },
  {
    "ModelName": "WALLS",
    "ModelId": "312_06_1"
  },
  {
    "ModelName": "WALLS",
    "ModelId": "329_01_1"
  },
  {
    "ModelName": "WALLS",
    "ModelId": "329_02_1"
  },
  {
    "ModelName": "WALLS",
    "ModelId": "329_03_1"
  },
  {
    "ModelName": "WALLS",
    "ModelId": "329_04_1"
  },
  {
    "ModelName": "WALL_FENCES",
    "ModelId": "341_01_1"
  },
  {
    "ModelName": "WALL_FENCES",
    "ModelId": "341_02_1"
  },
  {
    "ModelName": "WALL_FENCES",
    "ModelId": "341_03_1"
  },
  {
    "ModelName": "WALL_FENCES",
    "ModelId": "341_04_1"
  },
  {
    "ModelName": "WALL_FENCES",
    "ModelId": "341_06_1"
  },
  {
    "ModelName": "WALL_FENCES",
    "ModelId": "341_07_1"
  },
  {
    "ModelName": "WALL_FENCES_SNOW",
    "ModelId": "341_05_1"
  },
  {
    "ModelName": "WAREHOUSE",
    "ModelId": "404_01_1"
  },
  {
    "ModelName": "WAREHOUSE_INTERIOR",
    "ModelId": "404_02_1"
  },
  {
    "ModelName": "WAREHOUSE_SNOW",
    "ModelId": "404_03_1"
  },
  {
    "ModelName": "WATCHTOWER",
    "ModelId": "405_01_1"
  },
  {
    "ModelName": "WATCHTOWER_SNOW",
    "ModelId": "405_02_1"
  },
  {
    "ModelName": "WATERTOWER",
    "ModelId": "435_01_1"
  },
  {
    "ModelName": "WATERTOWER_SNOW",
    "ModelId": "435_03_1"
  },
  {
    "ModelName": "WATERTOWER_STAIRS",
    "ModelId": "435_02_1"
  },
  {
    "ModelName": "WAYPOINT",
    "ModelId": "waypoint"
  },
  {
    "ModelName": "WHEELS",
    "ModelId": "600_02_1"
  },
  {
    "ModelName": "WHEELS",
    "ModelId": "616_02_1"
  },
  {
    "ModelName": "WINCHHOUSE",
    "ModelId": "426_01_1"
  },
  {
    "ModelName": "WINCHHOUSE",
    "ModelId": "463_01_1"
  },
  {
    "ModelName": "WINCHHOUSE_GLASS_ROOM",
    "ModelId": "463_04_1"
  },
  {
    "ModelName": "WINCHHOUSE_GLASS_ROOM_ENTERANCE",
    "ModelId": "463_03_1"
  },
  {
    "ModelName": "WINCHHOUSE_GLASS_ROOM_WINDOW",
    "ModelId": "463_08_1"
  },
  {
    "ModelName": "WINCHHOUSE_INTERIOR",
    "ModelId": "426_04_1"
  },
  {
    "ModelName": "WINCHHOUSE_INTERIOR",
    "ModelId": "463_02_1"
  },
  {
    "ModelName": "WINCHHOUSE_WINDOW",
    "ModelId": "426_06_1"
  },
  {
    "ModelName": "WIRE",
    "ModelId": "320_01_1"
  },
  {
    "ModelName": "WOODEN_CRATE",
    "ModelId": "301_01_1"
  },
  {
    "ModelName": "WOODEN_CRATES",
    "ModelId": "301_03_1"
  },
  {
    "ModelName": "WOODEN_CRATES",
    "ModelId": "301_04_1"
  },
  {
    "ModelName": "WOODEN_FENCE",
    "ModelId": "366_01_1"
  },
  {
    "ModelName": "WOODEN_PLANK",
    "ModelId": "362_01_1"
  },
  {
    "ModelName": "M203_LAUNCHER_OBJ",
    "ModelId": "108_05_1"
  },
  {
    "ModelName": "AMMO_556_OBJ",
    "ModelId": "115_01_1"
  },
  {
    "ModelName": "MEDIPACK_SYRINGE_OBJ",
    "ModelId": "104_01_1"
  },
  {
    "ModelName": "AMMO_44_OBJ",
    "ModelId": "120_01_1"
  },
  {
    "ModelName": "AMMO_357_OBJ",
    "ModelId": "118_01_1"
  },
  {
    "ModelName": "AMMO_762_OBJ",
    "ModelId": "119_01_1"
  },
  {
    "ModelName": "AMMO_919_OBJ",
    "ModelId": "116_01_1"
  },
  {
    "ModelName": "STAIRS",
    "ModelId": "423_02_1"
  },
  {
    "ModelName": "ROTOR",
    "ModelId": "712_01_1"
  },
  {
    "ModelName": "WINDOW",
    "ModelId": "403_10_1"
  },
  {
    "ModelName": "KNIFE_MODEL",
    "ModelId": "133_01_1"
  },
  {
    "ModelName": "HITZONE",
    "ModelId": "700_08_1"
  },
  {
    "ModelName": "HITZONE",
    "ModelId": "616_04_1"
  },
  {
    "ModelName": "HITZONE",
    "ModelId": "614_09_1"
  },
  {
    "ModelName": "HITZONE",
    "ModelId": "601_09_1"
  },
  {
    "ModelName": "HITZONE",
    "ModelId": "700_19_1"
  },
  {
    "ModelName": "TANK_TURRET",
    "ModelId": "614_10_1"
  },
  {
    "ModelName": "STATIONARY_GUN",
    "ModelId": "456_13_1"
  }
]